[
  {
    "model": "auth.user",
    "pk": 1,
    "fields": {
      "username": "user1",
      "password": "pbkdf2_sha256$260000$test$testhash",
      "first_name": "Merlin",
      "last_name": "Client1",
      "email": "user1@example.com",
      "is_staff": false
    }
  },
  {
    "model": "auth.user",
    "pk": 2,
    "fields": {
      "username": "user2",
      "password": "pbkdf2_sha256$260000$test$testhash",
      "first_name": "Aline",
      "last_name": "Client2",
      "email": "user2@example.com",
      "is_staff": false
    }
  },
  {
    "model": "auth.user",
    "pk": 3,
    "fields": {
      "username": "user3",
      "password": "pbkdf2_sha256$260000$test$testhash",
      "first_name": "Joseph",
      "last_name": "Client3",
      "email": "user3@example.com",
      "is_staff": false
    }
  },
  {
    "model": "auth.user",
    "pk": 4,
    "fields": {
      "username": "user4",
      "password": "pbkdf2_sha256$260000$test$testhash",
      "first_name": "Sara",
      "last_name": "Client4",
      "email": "user4@example.com",
      "is_staff": false
    }
  },
  {
    "model": "auth.user",
    "pk": 5,
    "fields": {
      "username": "user5",
      "password": "pbkdf2_sha256$260000$test$testhash",
      "first_name": "Hervé",
      "last_name": "Client5",
      "email": "user5@example.com",
      "is_staff": false
    }
  },

  {
    "model": "finance.customer",
    "pk": 1,
    "fields": {
      "user": 1,
      "phone": "690000001",
      "address": "Douala",
      "created_at": "2025-01-01T08:00:00Z"
    }
  },
  {
    "model": "finance.customer",
    "pk": 2,
    "fields": {
      "user": 2,
      "phone": "690000002",
      "address": "Yaoundé",
      "created_at": "2025-01-02T08:00:00Z"
    }
  },
  {
    "model": "finance.customer",
    "pk": 3,
    "fields": {
      "user": 3,
      "phone": "690000003",
      "address": "Bafoussam",
      "created_at": "2025-01-03T08:00:00Z"
    }
  },
  {
    "model": "finance.customer",
    "pk": 4,
    "fields": {
      "user": 4,
      "phone": "690000004",
      "address": "Garoua",
      "created_at": "2025-01-04T08:00:00Z"
    }
  },
  {
    "model": "finance.customer",
    "pk": 5,
    "fields": {
      "user": 5,
      "phone": "690000005",
      "address": "Bertoua",
      "created_at": "2025-01-05T08:00:00Z"
    }
  },

  {
    "model": "finance.account",
    "pk": 1,
    "fields": {
      "customer_id": 1,
      "account_type": "current",
      "balance": "250000.00",
      "created_at": "2025-01-10T08:00:00Z"
    }
  },
  {
    "model": "finance.account",
    "pk": 2,
    "fields": {
      "customer_id": 2,
      "account_type": "savings",
      "balance": "800000.00",
      "created_at": "2025-01-11T08:00:00Z"
    }
  },
  {
    "model": "finance.account",
    "pk": 3,
    "fields": {
      "customer_id": 3,
      "account_type": "current",
      "balance": "120000.00",
      "created_at": "2025-01-12T08:00:00Z"
    }
  },
  {
    "model": "finance.account",
    "pk": 4,
    "fields": {
      "customer_id": 4,
      "account_type": "business",
      "balance": "2000000.00",
      "created_at": "2025-01-13T08:00:00Z"
    }
  },
  {
    "model": "finance.account",
    "pk": 5,
    "fields": {
      "customer_id": 5,
      "account_type": "savings",
      "balance": "300000.00",
      "created_at": "2025-01-14T08:00:00Z"
    }
  },

  
  {
    "model": "finance.transaction",
    "pk": 1,
    "fields": {
      "account": 2,
      "transaction_type": "withdrawal",
      "amount": "2000",
      "description": "Transaction automatique 1",
      "created_at": "2025-02-02T10:00:00Z"
    }
  },
  {
    "model": "finance.transaction",
    "pk": 2,
    "fields": {
      "account": 3,
      "transaction_type": "transfer",
      "amount": "3000",
      "description": "Transaction automatique 2",
      "created_at": "2025-02-03T10:00:00Z"
    }
  },
  {
    "model": "finance.transaction",
    "pk": 3,
    "fields": {
      "account": 4,
      "transaction_type": "deposit",
      "amount": "4000",
      "description": "Transaction automatique 3",
      "created_at": "2025-02-04T10:00:00Z"
    }
  },
  {
    "model": "finance.transaction",
    "pk": 4,
    "fields": {
      "account": 5,
      "transaction_type": "withdrawal",
      "amount": "5000",
      "description": "Transaction automatique 4",
      "created_at": "2025-02-05T10:00:00Z"
    }
  },
  {
    "model": "finance.transaction",
    "pk": 5,
    "fields": {
      "account": 1,
      "transaction_type": "transfer",
      "amount": "6000",
      "description": "Transaction automatique 5",
      "created_at": "2025-02-06T10:00:00Z"
    }
  },

  {
    "model": "finance.transaction",
    "pk": 6,
    "fields": {
      "account": 2,
      "transaction_type": "deposit",
      "amount": "7000",
      "description": "Transaction automatique 6",
      "created_at": "2025-02-07T10:00:00Z"
    }
  },

  {
    "model": "finance.transaction",
    "pk": 7,
    "fields": {
      "account": 3,
      "transaction_type": "withdrawal",
      "amount": "8000",
      "description": "Transaction automatique 7",
      "created_at": "2025-02-08T10:00:00Z"
    }
  },

  {
    "model": "finance.transaction",
    "pk": 8,
    "fields": {
      "account": 4,
      "transaction_type": "transfer",
      "amount": "1000",
      "description": "Transaction automatique 8",
      "created_at": "2025-02-09T10:00:00Z"
    }
  },

  {
    "model": "finance.transaction",
    "pk": 9,
    "fields": {
      "account": 5,
      "transaction_type": "deposit",
      "amount": "2000",
      "description": "Transaction automatique 9",
      "created_at": "2025-02-10T10:00:00Z"
    }
  },

  {
    "model": "finance.transaction",
    "pk": 10,
    "fields": {
      "account": 1,
      "transaction_type": "withdrawal",
      "amount": "3000",
      "description": "Transaction automatique 10",
      "created_at": "2025-02-11T10:00:00Z"
    }
  },

  {
    "model": "finance.transaction",
    "pk": 11,
    "fields": {
      "account": 2,
      "transaction_type": "transfer",
      "amount": "4000",
      "description": "Transaction automatique 11",
      "created_at": "2025-02-12T10:00:00Z"
    }
  },

  {
    "model": "finance.transaction",
    "pk": 12,
    "fields": {
      "account": 3,
      "transaction_type": "deposit",
      "amount": "5000",
      "description": "Transaction automatique 12",
      "created_at": "2025-02-13T10:00:00Z"
    }
  },

  {
    "model": "finance.transaction",
    "pk": 13,
    "fields": {
      "account": 4,
      "transaction_type": "withdrawal",
      "amount": "6000",
      "description": "Transaction automatique 13",
      "created_at": "2025-02-14T10:00:00Z"
    }
  },

  {
    "model": "finance.transaction",
    "pk": 14,
    "fields": {
      "account": 5,
      "transaction_type": "transfer",
      "amount": "7000",
      "description": "Transaction automatique 14",
      "created_at": "2025-02-15T10:00:00Z"
    }
  },

  {
    "model": "finance.transaction",
    "pk": 15,
    "fields": {
      "account": 1,
      "transaction_type": "deposit",
      "amount": "8000",
      "description": "Transaction automatique 15",
      "created_at": "2025-02-16T10:00:00Z"
    }
  },

  {
    "model": "finance.transaction",
    "pk": 16,
    "fields": {
      "account": 2,
      "transaction_type": "withdrawal",
      "amount": "1000",
      "description": "Transaction automatique 16",
      "created_at": "2025-02-17T10:00:00Z"
    }
  },

  {
    "model": "finance.transaction",
    "pk": 17,
    "fields": {
      "account": 3,
      "transaction_type": "transfer",
      "amount": "2000",
      "description": "Transaction automatique 17",
      "created_at": "2025-02-18T10:00:00Z"
    }
  },

  {
    "model": "finance.transaction",
    "pk": 18,
    "fields": {
      "account": 4,
      "transaction_type": "deposit",
      "amount": "3000",
      "description": "Transaction automatique 18",
      "created_at": "2025-02-19T10:00:00Z"
    }
  },

  {
    "model": "finance.transaction",
    "pk": 19,
    "fields": {
      "account": 5,
      "transaction_type": "withdrawal",
      "amount": "4000",
      "description": "Transaction automatique 19",
      "created_at": "2025-02-20T10:00:00Z"
    }
  },

  {
    "model": "finance.transaction",
    "pk": 20,
    "fields": {
      "account": 1,
      "transaction_type": "transfer",
      "amount": "5000",
      "description": "Transaction automatique 20",
      "created_at": "2025-02-21T10:00:00Z"
    }
  },

  {
    "model": "finance.transaction",
    "pk": 21,
    "fields": {
      "account": 2,
      "transaction_type": "deposit",
      "amount": "6000",
      "description": "Transaction automatique 21",
      "created_at": "2025-02-22T10:00:00Z"
    }
  },

  {
    "model": "finance.transaction",
    "pk": 22,
    "fields": {
      "account": 3,
      "transaction_type": "withdrawal",
      "amount": "7000",
      "description": "Transaction automatique 22",
      "created_at": "2025-02-23T10:00:00Z"
    }
  },

  {
    "model": "finance.transaction",
    "pk": 23,
    "fields": {
      "account": 4,
      "transaction_type": "transfer",
      "amount": "8000",
      "description": "Transaction automatique 23",
      "created_at": "2025-02-24T10:00:00Z"
    }
  },

  {
    "model": "finance.transaction",
    "pk": 24,
    "fields": {
      "account": 5,
      "transaction_type": "deposit",
      "amount": "1000",
      "description": "Transaction automatique 24",
      "created_at": "2025-02-25T10:00:00Z"
    }
  },

  {
    "model": "finance.transaction",
    "pk": 25,
    "fields": {
      "account": 1,
      "transaction_type": "withdrawal",
      "amount": "2000",
      "description": "Transaction automatique 25",
      "created_at": "2025-02-26T10:00:00Z"
    }
  },

  {
    "model": "finance.transaction",
    "pk": 26,
    "fields": {
      "account": 2,
      "transaction_type": "transfer",
      "amount": "3000",
      "description": "Transaction automatique 26",
      "created_at": "2025-02-27T10:00:00Z"
    }
  },

  {
    "model": "finance.transaction",
    "pk": 27,
    "fields": {
      "account": 3,
      "transaction_type": "deposit",
      "amount": "4000",
      "description": "Transaction automatique 27",
      "created_at": "2025-02-28T10:00:00Z"
    }
  },

  {
    "model": "finance.transaction",
    "pk": 28,
    "fields": {
      "account": 4,
      "transaction_type": "withdrawal",
      "amount": "5000",
      "description": "Transaction automatique 28",
      "created_at": "2025-02-01T10:00:00Z"
    }
  },

  {
    "model": "finance.transaction",
    "pk": 29,
    "fields": {
      "account": 5,
      "transaction_type": "transfer",
      "amount": "6000",
      "description": "Transaction automatique 29",
      "created_at": "2025-02-02T10:00:00Z"
    }
  },

  {
    "model": "finance.transaction",
    "pk": 30,
    "fields": {
      "account": 1,
      "transaction_type": "deposit",
      "amount": "7000",
      "description": "Transaction automatique 30",
      "created_at": "2025-02-03T10:00:00Z"
    }
  },

  {
    "model": "finance.notification",
    "pk": 1,
    "fields": {
      "customer": 1,
      "message": "Votre transaction a été enregistrée.",
      "is_read": false,
      "created_at": "2025-02-01T09:00:00Z"
    }
  },

  {
    "model": "finance.notification",
    "pk": 2,
    "fields": {
      "customer": 2,
      "message": "Votre solde a augmenté.",
      "is_read": false,
      "created_at": "2025-02-02T09:00:00Z"
    }
  },

  {
    "model": "finance.dashboardstats",
    "pk": 1,
    "fields": {
      "total_customers": 5,
      "total_transactions": 30,
      "total_balance": "3570000.00",
      "updated_at": "2025-02-20T12:00:00Z"
    }
  }
]
